factor,vif
Mkt-RF,1.071263
SMB,1.06278
HML,1.008928
