factor,vif
Mkt-RF,1.0712628698019013
SMB,1.0627797844279767
HML,1.0089278208239996
